"respondent_id","department","rating","feedback"
"1","Support","5","The support team responded quickly and resolved my issue clearly."
"2","Support","2","I had to repeat my problem several times before anyone understood it."
"3","Product","2","The dashboard becomes slow when I filter a large date range."
"4","Product","4","The reporting layout is clearer and helps me spot trends faster."
"5","Sales","3","The demo was useful, but the pricing explanation was confusing."
"6","Operations","1","The CSV export failed and blocked my weekly reporting workflow."
"7","Operations","5","The import process saved my team a lot of manual work."
"8","Mobile","2","Mobile navigation feels awkward and some labels are hard to understand."
"9","Support","3","The issue was fixed, but ticket status updates were unclear."
"10","Product","4","Pages load faster now and the cleaner design is easier to use."
"11","Support","5","The support team responded quickly and resolved my issue clearly."
"12","Support","2","I had to repeat my problem several times before anyone understood it."
"13","Product","2","The dashboard becomes slow when I filter a large date range."
"14","Product","4","The reporting layout is clearer and helps me spot trends faster."
"15","Sales","3","The demo was useful, but the pricing explanation was confusing."
"16","Operations","1","The CSV export failed and blocked my weekly reporting workflow."
"17","Operations","5","The import process saved my team a lot of manual work."
"18","Mobile","2","Mobile navigation feels awkward and some labels are hard to understand."
"19","Support","3","The issue was fixed, but ticket status updates were unclear."
"20","Product","4","Pages load faster now and the cleaner design is easier to use."
"21","Support","5","The support team responded quickly and resolved my issue clearly."
"22","Support","2","I had to repeat my problem several times before anyone understood it."
"23","Product","2","The dashboard becomes slow when I filter a large date range."
"24","Product","4","The reporting layout is clearer and helps me spot trends faster."
"25","Sales","3","The demo was useful, but the pricing explanation was confusing."
"26","Operations","1","The CSV export failed and blocked my weekly reporting workflow."
"27","Operations","5","The import process saved my team a lot of manual work."
"28","Mobile","2","Mobile navigation feels awkward and some labels are hard to understand."
"29","Support","3","The issue was fixed, but ticket status updates were unclear."
"30","Product","4","Pages load faster now and the cleaner design is easier to use."
"31","Support","5","The support team responded quickly and resolved my issue clearly."
"32","Support","2","I had to repeat my problem several times before anyone understood it."
"33","Product","2","The dashboard becomes slow when I filter a large date range."
"34","Product","4","The reporting layout is clearer and helps me spot trends faster."
"35","Sales","3","The demo was useful, but the pricing explanation was confusing."
"36","Operations","1","The CSV export failed and blocked my weekly reporting workflow."
"37","Operations","5","The import process saved my team a lot of manual work."
"38","Mobile","2","Mobile navigation feels awkward and some labels are hard to understand."
"39","Support","3","The issue was fixed, but ticket status updates were unclear."
"40","Product","4","Pages load faster now and the cleaner design is easier to use."
"41","Support","5","The support team responded quickly and resolved my issue clearly."
"42","Support","2","I had to repeat my problem several times before anyone understood it."
"43","Product","2","The dashboard becomes slow when I filter a large date range."
"44","Product","4","The reporting layout is clearer and helps me spot trends faster."
"45","Sales","3","The demo was useful, but the pricing explanation was confusing."
"46","Operations","1","The CSV export failed and blocked my weekly reporting workflow."
"47","Operations","5","The import process saved my team a lot of manual work."
"48","Mobile","2","Mobile navigation feels awkward and some labels are hard to understand."
"49","Support","3","The issue was fixed, but ticket status updates were unclear."
"50","Product","4","Pages load faster now and the cleaner design is easier to use."
"51","Support","5","The support team responded quickly and resolved my issue clearly."
"52","Support","2","I had to repeat my problem several times before anyone understood it."
"53","Product","2","The dashboard becomes slow when I filter a large date range."
"54","Product","4","The reporting layout is clearer and helps me spot trends faster."
"55","Sales","3","The demo was useful, but the pricing explanation was confusing."
"56","Operations","1","The CSV export failed and blocked my weekly reporting workflow."
"57","Operations","5","The import process saved my team a lot of manual work."
"58","Mobile","2","Mobile navigation feels awkward and some labels are hard to understand."
"59","Support","3","The issue was fixed, but ticket status updates were unclear."
"60","Product","4","Pages load faster now and the cleaner design is easier to use."
"61","Support","5","The support team responded quickly and resolved my issue clearly."
"62","Support","2","I had to repeat my problem several times before anyone understood it."
"63","Product","2","The dashboard becomes slow when I filter a large date range."
"64","Product","4","The reporting layout is clearer and helps me spot trends faster."
"65","Sales","3","The demo was useful, but the pricing explanation was confusing."
"66","Operations","1","The CSV export failed and blocked my weekly reporting workflow."
"67","Operations","5","The import process saved my team a lot of manual work."
"68","Mobile","2","Mobile navigation feels awkward and some labels are hard to understand."
"69","Support","3","The issue was fixed, but ticket status updates were unclear."
"70","Product","4","Pages load faster now and the cleaner design is easier to use."
"71","Support","5","The support team responded quickly and resolved my issue clearly."
"72","Support","2","I had to repeat my problem several times before anyone understood it."
"73","Product","2","The dashboard becomes slow when I filter a large date range."
"74","Product","4","The reporting layout is clearer and helps me spot trends faster."
"75","Sales","3","The demo was useful, but the pricing explanation was confusing."
"76","Operations","1","The CSV export failed and blocked my weekly reporting workflow."
"77","Operations","5","The import process saved my team a lot of manual work."
"78","Mobile","2","Mobile navigation feels awkward and some labels are hard to understand."
"79","Support","3","The issue was fixed, but ticket status updates were unclear."
"80","Product","4","Pages load faster now and the cleaner design is easier to use."
"81","Support","5","The support team responded quickly and resolved my issue clearly."
"82","Support","2","I had to repeat my problem several times before anyone understood it."
"83","Product","2","The dashboard becomes slow when I filter a large date range."
"84","Product","4","The reporting layout is clearer and helps me spot trends faster."
"85","Sales","3","The demo was useful, but the pricing explanation was confusing."
"86","Operations","1","The CSV export failed and blocked my weekly reporting workflow."
"87","Operations","5","The import process saved my team a lot of manual work."
"88","Mobile","2","Mobile navigation feels awkward and some labels are hard to understand."
"89","Support","3","The issue was fixed, but ticket status updates were unclear."
"90","Product","4","Pages load faster now and the cleaner design is easier to use."
"91","Support","5","The support team responded quickly and resolved my issue clearly."
"92","Support","2","I had to repeat my problem several times before anyone understood it."
"93","Product","2","The dashboard becomes slow when I filter a large date range."
"94","Product","4","The reporting layout is clearer and helps me spot trends faster."
"95","Sales","3","The demo was useful, but the pricing explanation was confusing."
"96","Operations","1","The CSV export failed and blocked my weekly reporting workflow."
"97","Operations","5","The import process saved my team a lot of manual work."
"98","Mobile","2","Mobile navigation feels awkward and some labels are hard to understand."
"99","Support","3","The issue was fixed, but ticket status updates were unclear."
"100","Product","4","Pages load faster now and the cleaner design is easier to use."
"101","Support","5","The support team responded quickly and resolved my issue clearly."
"102","Support","2","I had to repeat my problem several times before anyone understood it."
"103","Product","2","The dashboard becomes slow when I filter a large date range."
"104","Product","4","The reporting layout is clearer and helps me spot trends faster."
"105","Sales","3","The demo was useful, but the pricing explanation was confusing."
"106","Operations","1","The CSV export failed and blocked my weekly reporting workflow."
"107","Operations","5","The import process saved my team a lot of manual work."
"108","Mobile","2","Mobile navigation feels awkward and some labels are hard to understand."
"109","Support","3","The issue was fixed, but ticket status updates were unclear."
"110","Product","4","Pages load faster now and the cleaner design is easier to use."
"111","Support","5","The support team responded quickly and resolved my issue clearly."
"112","Support","2","I had to repeat my problem several times before anyone understood it."
"113","Product","2","The dashboard becomes slow when I filter a large date range."
"114","Product","4","The reporting layout is clearer and helps me spot trends faster."
"115","Sales","3","The demo was useful, but the pricing explanation was confusing."
"116","Operations","1","The CSV export failed and blocked my weekly reporting workflow."
"117","Operations","5","The import process saved my team a lot of manual work."
"118","Mobile","2","Mobile navigation feels awkward and some labels are hard to understand."
"119","Support","3","The issue was fixed, but ticket status updates were unclear."
"120","Product","4","Pages load faster now and the cleaner design is easier to use."
"121","Support","5","The support team responded quickly and resolved my issue clearly."
"122","Support","2","I had to repeat my problem several times before anyone understood it."
"123","Product","2","The dashboard becomes slow when I filter a large date range."
"124","Product","4","The reporting layout is clearer and helps me spot trends faster."
"125","Sales","3","The demo was useful, but the pricing explanation was confusing."
"126","Operations","1","The CSV export failed and blocked my weekly reporting workflow."
"127","Operations","5","The import process saved my team a lot of manual work."
"128","Mobile","2","Mobile navigation feels awkward and some labels are hard to understand."
"129","Support","3","The issue was fixed, but ticket status updates were unclear."
"130","Product","4","Pages load faster now and the cleaner design is easier to use."
"131","Support","5","The support team responded quickly and resolved my issue clearly."
"132","Support","2","I had to repeat my problem several times before anyone understood it."
"133","Product","2","The dashboard becomes slow when I filter a large date range."
"134","Product","4","The reporting layout is clearer and helps me spot trends faster."
"135","Sales","3","The demo was useful, but the pricing explanation was confusing."
"136","Operations","1","The CSV export failed and blocked my weekly reporting workflow."
"137","Operations","5","The import process saved my team a lot of manual work."
"138","Mobile","2","Mobile navigation feels awkward and some labels are hard to understand."
"139","Support","3","The issue was fixed, but ticket status updates were unclear."
"140","Product","4","Pages load faster now and the cleaner design is easier to use."
"141","Support","5","The support team responded quickly and resolved my issue clearly."
"142","Support","2","I had to repeat my problem several times before anyone understood it."
"143","Product","2","The dashboard becomes slow when I filter a large date range."
"144","Product","4","The reporting layout is clearer and helps me spot trends faster."
"145","Sales","3","The demo was useful, but the pricing explanation was confusing."
"146","Operations","1","The CSV export failed and blocked my weekly reporting workflow."
"147","Operations","5","The import process saved my team a lot of manual work."
"148","Mobile","2","Mobile navigation feels awkward and some labels are hard to understand."
"149","Support","3","The issue was fixed, but ticket status updates were unclear."
"150","Product","4","Pages load faster now and the cleaner design is easier to use."
"151","Support","5","The support team responded quickly and resolved my issue clearly."
"152","Support","2","I had to repeat my problem several times before anyone understood it."
"153","Product","2","The dashboard becomes slow when I filter a large date range."
"154","Product","4","The reporting layout is clearer and helps me spot trends faster."
"155","Sales","3","The demo was useful, but the pricing explanation was confusing."
"156","Operations","1","The CSV export failed and blocked my weekly reporting workflow."
"157","Operations","5","The import process saved my team a lot of manual work."
"158","Mobile","2","Mobile navigation feels awkward and some labels are hard to understand."
"159","Support","3","The issue was fixed, but ticket status updates were unclear."
"160","Product","4","Pages load faster now and the cleaner design is easier to use."
"161","Support","5","The support team responded quickly and resolved my issue clearly."
"162","Support","2","I had to repeat my problem several times before anyone understood it."
"163","Product","2","The dashboard becomes slow when I filter a large date range."
"164","Product","4","The reporting layout is clearer and helps me spot trends faster."
"165","Sales","3","The demo was useful, but the pricing explanation was confusing."
"166","Operations","1","The CSV export failed and blocked my weekly reporting workflow."
"167","Operations","5","The import process saved my team a lot of manual work."
"168","Mobile","2","Mobile navigation feels awkward and some labels are hard to understand."
"169","Support","3","The issue was fixed, but ticket status updates were unclear."
"170","Product","4","Pages load faster now and the cleaner design is easier to use."
"171","Support","5","The support team responded quickly and resolved my issue clearly."
"172","Support","2","I had to repeat my problem several times before anyone understood it."
"173","Product","2","The dashboard becomes slow when I filter a large date range."
"174","Product","4","The reporting layout is clearer and helps me spot trends faster."
"175","Sales","3","The demo was useful, but the pricing explanation was confusing."
"176","Operations","1","The CSV export failed and blocked my weekly reporting workflow."
"177","Operations","5","The import process saved my team a lot of manual work."
"178","Mobile","2","Mobile navigation feels awkward and some labels are hard to understand."
"179","Support","3","The issue was fixed, but ticket status updates were unclear."
"180","Product","4","Pages load faster now and the cleaner design is easier to use."
"181","Support","5","The support team responded quickly and resolved my issue clearly."
"182","Support","2","I had to repeat my problem several times before anyone understood it."
"183","Product","2","The dashboard becomes slow when I filter a large date range."
"184","Product","4","The reporting layout is clearer and helps me spot trends faster."
"185","Sales","3","The demo was useful, but the pricing explanation was confusing."
"186","Operations","1","The CSV export failed and blocked my weekly reporting workflow."
"187","Operations","5","The import process saved my team a lot of manual work."
"188","Mobile","2","Mobile navigation feels awkward and some labels are hard to understand."
"189","Support","3","The issue was fixed, but ticket status updates were unclear."
"190","Product","4","Pages load faster now and the cleaner design is easier to use."
"191","Support","5","The support team responded quickly and resolved my issue clearly."
"192","Support","2","I had to repeat my problem several times before anyone understood it."
"193","Product","2","The dashboard becomes slow when I filter a large date range."
"194","Product","4","The reporting layout is clearer and helps me spot trends faster."
"195","Sales","3","The demo was useful, but the pricing explanation was confusing."
"196","Operations","1","The CSV export failed and blocked my weekly reporting workflow."
"197","Operations","5","The import process saved my team a lot of manual work."
"198","Mobile","2","Mobile navigation feels awkward and some labels are hard to understand."
"199","Support","3","The issue was fixed, but ticket status updates were unclear."
"200","Product","4","Pages load faster now and the cleaner design is easier to use."
